accession,Position,Coverage,rPM,virus,species,type
PP766453,1,0,0,Eidolon dupreanum kobuvirus,Eidolon dupreanum,partial
PP766453,2,0,0,,Eidolon dupreanum,partial
PP766453,3,0,0,,Eidolon dupreanum,partial
PP766453,4,0,0,,Eidolon dupreanum,partial
PP766453,5,0,0,,Eidolon dupreanum,partial
PP766453,6,0,0,,Eidolon dupreanum,partial
PP766453,7,0,0,,Eidolon dupreanum,partial
PP766453,8,0,0,,Eidolon dupreanum,partial
PP766453,9,0,0,,Eidolon dupreanum,partial
PP766453,10,0,0,,Eidolon dupreanum,partial
PP766453,11,2,0.045473148,,Eidolon dupreanum,partial
PP766453,12,2,0.045473148,,Eidolon dupreanum,partial
PP766453,13,2,0.045473148,,Eidolon dupreanum,partial
PP766453,14,2,0.045473148,,Eidolon dupreanum,partial
PP766453,15,2,0.045473148,,Eidolon dupreanum,partial
PP766453,16,2,0.045473148,,Eidolon dupreanum,partial
PP766453,17,2,0.045473148,,Eidolon dupreanum,partial
PP766453,18,2,0.045473148,,Eidolon dupreanum,partial
PP766453,19,2,0.045473148,,Eidolon dupreanum,partial
PP766453,20,2,0.045473148,,Eidolon dupreanum,partial
PP766453,21,2,0.045473148,,Eidolon dupreanum,partial
PP766453,22,2,0.045473148,,Eidolon dupreanum,partial
PP766453,23,2,0.045473148,,Eidolon dupreanum,partial
PP766453,24,2,0.045473148,,Eidolon dupreanum,partial
PP766453,25,2,0.045473148,,Eidolon dupreanum,partial
PP766453,26,2,0.045473148,,Eidolon dupreanum,partial
PP766453,27,2,0.045473148,,Eidolon dupreanum,partial
PP766453,28,2,0.045473148,,Eidolon dupreanum,partial
PP766453,29,2,0.045473148,,Eidolon dupreanum,partial
PP766453,30,2,0.045473148,,Eidolon dupreanum,partial
PP766453,31,2,0.045473148,,Eidolon dupreanum,partial
PP766453,32,2,0.045473148,,Eidolon dupreanum,partial
PP766453,33,2,0.045473148,,Eidolon dupreanum,partial
PP766453,34,2,0.045473148,,Eidolon dupreanum,partial
PP766453,35,2,0.045473148,,Eidolon dupreanum,partial
PP766453,36,2,0.045473148,,Eidolon dupreanum,partial
PP766453,37,2,0.045473148,,Eidolon dupreanum,partial
PP766453,38,2,0.045473148,,Eidolon dupreanum,partial
PP766453,39,2,0.045473148,,Eidolon dupreanum,partial
PP766453,40,2,0.045473148,,Eidolon dupreanum,partial
PP766453,41,2,0.045473148,,Eidolon dupreanum,partial
PP766453,42,2,0.045473148,,Eidolon dupreanum,partial
PP766453,43,2,0.045473148,,Eidolon dupreanum,partial
PP766453,44,2,0.045473148,,Eidolon dupreanum,partial
PP766453,45,2,0.045473148,,Eidolon dupreanum,partial
PP766453,46,2,0.045473148,,Eidolon dupreanum,partial
PP766453,47,2,0.045473148,,Eidolon dupreanum,partial
PP766453,48,2,0.045473148,,Eidolon dupreanum,partial
PP766453,49,2,0.045473148,,Eidolon dupreanum,partial
PP766453,50,2,0.045473148,,Eidolon dupreanum,partial
PP766453,51,2,0.045473148,,Eidolon dupreanum,partial
PP766453,52,2,0.045473148,,Eidolon dupreanum,partial
PP766453,53,2,0.045473148,,Eidolon dupreanum,partial
PP766453,54,2,0.045473148,,Eidolon dupreanum,partial
PP766453,55,2,0.045473148,,Eidolon dupreanum,partial
PP766453,56,2,0.045473148,,Eidolon dupreanum,partial
PP766453,57,2,0.045473148,,Eidolon dupreanum,partial
PP766453,58,2,0.045473148,,Eidolon dupreanum,partial
PP766453,59,3,0.068209722,,Eidolon dupreanum,partial
PP766453,60,3,0.068209722,,Eidolon dupreanum,partial
PP766453,61,3,0.068209722,,Eidolon dupreanum,partial
PP766453,62,3,0.068209722,,Eidolon dupreanum,partial
PP766453,63,3,0.068209722,,Eidolon dupreanum,partial
PP766453,64,3,0.068209722,,Eidolon dupreanum,partial
PP766453,65,3,0.068209722,,Eidolon dupreanum,partial
PP766453,66,3,0.068209722,,Eidolon dupreanum,partial
PP766453,67,3,0.068209722,,Eidolon dupreanum,partial
PP766453,68,3,0.068209722,,Eidolon dupreanum,partial
PP766453,69,3,0.068209722,,Eidolon dupreanum,partial
PP766453,70,3,0.068209722,,Eidolon dupreanum,partial
PP766453,71,3,0.068209722,,Eidolon dupreanum,partial
PP766453,72,3,0.068209722,,Eidolon dupreanum,partial
PP766453,73,3,0.068209722,,Eidolon dupreanum,partial
PP766453,74,3,0.068209722,,Eidolon dupreanum,partial
PP766453,75,3,0.068209722,,Eidolon dupreanum,partial
PP766453,76,3,0.068209722,,Eidolon dupreanum,partial
PP766453,77,3,0.068209722,,Eidolon dupreanum,partial
PP766453,78,3,0.068209722,,Eidolon dupreanum,partial
PP766453,79,3,0.068209722,,Eidolon dupreanum,partial
PP766453,80,3,0.068209722,,Eidolon dupreanum,partial
PP766453,81,3,0.068209722,,Eidolon dupreanum,partial
PP766453,82,3,0.068209722,,Eidolon dupreanum,partial
PP766453,83,3,0.068209722,,Eidolon dupreanum,partial
PP766453,84,3,0.068209722,,Eidolon dupreanum,partial
PP766453,85,3,0.068209722,,Eidolon dupreanum,partial
PP766453,86,3,0.068209722,,Eidolon dupreanum,partial
PP766453,87,3,0.068209722,,Eidolon dupreanum,partial
PP766453,88,3,0.068209722,,Eidolon dupreanum,partial
PP766453,89,3,0.068209722,,Eidolon dupreanum,partial
PP766453,90,3,0.068209722,,Eidolon dupreanum,partial
PP766453,91,3,0.068209722,,Eidolon dupreanum,partial
PP766453,92,3,0.068209722,,Eidolon dupreanum,partial
PP766453,93,3,0.068209722,,Eidolon dupreanum,partial
PP766453,94,3,0.068209722,,Eidolon dupreanum,partial
PP766453,95,3,0.068209722,,Eidolon dupreanum,partial
PP766453,96,3,0.068209722,,Eidolon dupreanum,partial
PP766453,97,3,0.068209722,,Eidolon dupreanum,partial
PP766453,98,3,0.068209722,,Eidolon dupreanum,partial
PP766453,99,3,0.068209722,,Eidolon dupreanum,partial
PP766453,100,3,0.068209722,,Eidolon dupreanum,partial
PP766453,101,3,0.068209722,,Eidolon dupreanum,partial
PP766453,102,3,0.068209722,,Eidolon dupreanum,partial
PP766453,103,3,0.068209722,,Eidolon dupreanum,partial
PP766453,104,3,0.068209722,,Eidolon dupreanum,partial
PP766453,105,3,0.068209722,,Eidolon dupreanum,partial
PP766453,106,3,0.068209722,,Eidolon dupreanum,partial
PP766453,107,3,0.068209722,,Eidolon dupreanum,partial
PP766453,108,3,0.068209722,,Eidolon dupreanum,partial
PP766453,109,3,0.068209722,,Eidolon dupreanum,partial
PP766453,110,3,0.068209722,,Eidolon dupreanum,partial
PP766453,111,3,0.068209722,,Eidolon dupreanum,partial
PP766453,112,3,0.068209722,,Eidolon dupreanum,partial
PP766453,113,3,0.068209722,,Eidolon dupreanum,partial
PP766453,114,3,0.068209722,,Eidolon dupreanum,partial
PP766453,115,3,0.068209722,,Eidolon dupreanum,partial
PP766453,116,3,0.068209722,,Eidolon dupreanum,partial
PP766453,117,3,0.068209722,,Eidolon dupreanum,partial
PP766453,118,3,0.068209722,,Eidolon dupreanum,partial
PP766453,119,3,0.068209722,,Eidolon dupreanum,partial
PP766453,120,3,0.068209722,,Eidolon dupreanum,partial
PP766453,121,3,0.068209722,,Eidolon dupreanum,partial
PP766453,122,3,0.068209722,,Eidolon dupreanum,partial
PP766453,123,3,0.068209722,,Eidolon dupreanum,partial
PP766453,124,3,0.068209722,,Eidolon dupreanum,partial
PP766453,125,3,0.068209722,,Eidolon dupreanum,partial
PP766453,126,3,0.068209722,,Eidolon dupreanum,partial
PP766453,127,3,0.068209722,,Eidolon dupreanum,partial
PP766453,128,3,0.068209722,,Eidolon dupreanum,partial
PP766453,129,3,0.068209722,,Eidolon dupreanum,partial
PP766453,130,3,0.068209722,,Eidolon dupreanum,partial
PP766453,131,3,0.068209722,,Eidolon dupreanum,partial
PP766453,132,3,0.068209722,,Eidolon dupreanum,partial
PP766453,133,3,0.068209722,,Eidolon dupreanum,partial
PP766453,134,3,0.068209722,,Eidolon dupreanum,partial
PP766453,135,3,0.068209722,,Eidolon dupreanum,partial
PP766453,136,3,0.068209722,,Eidolon dupreanum,partial
PP766453,137,3,0.068209722,,Eidolon dupreanum,partial
PP766453,138,3,0.068209722,,Eidolon dupreanum,partial
PP766453,139,3,0.068209722,,Eidolon dupreanum,partial
PP766453,140,3,0.068209722,,Eidolon dupreanum,partial
PP766453,141,3,0.068209722,,Eidolon dupreanum,partial
PP766453,142,3,0.068209722,,Eidolon dupreanum,partial
PP766453,143,3,0.068209722,,Eidolon dupreanum,partial
PP766453,144,3,0.068209722,,Eidolon dupreanum,partial
PP766453,145,3,0.068209722,,Eidolon dupreanum,partial
PP766453,146,3,0.068209722,,Eidolon dupreanum,partial
PP766453,147,3,0.068209722,,Eidolon dupreanum,partial
PP766453,148,3,0.068209722,,Eidolon dupreanum,partial
PP766453,149,3,0.068209722,,Eidolon dupreanum,partial
PP766453,150,3,0.068209722,,Eidolon dupreanum,partial
PP766453,151,3,0.068209722,,Eidolon dupreanum,partial
PP766453,152,1,0.022736574,,Eidolon dupreanum,partial
PP766453,153,1,0.022736574,,Eidolon dupreanum,partial
PP766453,154,1,0.022736574,,Eidolon dupreanum,partial
PP766453,155,1,0.022736574,,Eidolon dupreanum,partial
PP766453,156,1,0.022736574,,Eidolon dupreanum,partial
PP766453,157,1,0.022736574,,Eidolon dupreanum,partial
PP766453,158,1,0.022736574,,Eidolon dupreanum,partial
PP766453,159,1,0.022736574,,Eidolon dupreanum,partial
PP766453,160,1,0.022736574,,Eidolon dupreanum,partial
PP766453,161,1,0.022736574,,Eidolon dupreanum,partial
PP766453,162,1,0.022736574,,Eidolon dupreanum,partial
PP766453,163,1,0.022736574,,Eidolon dupreanum,partial
PP766453,164,1,0.022736574,,Eidolon dupreanum,partial
PP766453,165,1,0.022736574,,Eidolon dupreanum,partial
PP766453,166,1,0.022736574,,Eidolon dupreanum,partial
PP766453,167,1,0.022736574,,Eidolon dupreanum,partial
PP766453,168,1,0.022736574,,Eidolon dupreanum,partial
PP766453,169,1,0.022736574,,Eidolon dupreanum,partial
PP766453,170,1,0.022736574,,Eidolon dupreanum,partial
PP766453,171,1,0.022736574,,Eidolon dupreanum,partial
PP766453,172,1,0.022736574,,Eidolon dupreanum,partial
PP766453,173,1,0.022736574,,Eidolon dupreanum,partial
PP766453,174,1,0.022736574,,Eidolon dupreanum,partial
PP766453,175,1,0.022736574,,Eidolon dupreanum,partial
PP766453,176,1,0.022736574,,Eidolon dupreanum,partial
PP766453,177,1,0.022736574,,Eidolon dupreanum,partial
PP766453,178,1,0.022736574,,Eidolon dupreanum,partial
PP766453,179,2,0.045473148,,Eidolon dupreanum,partial
PP766453,180,2,0.045473148,,Eidolon dupreanum,partial
PP766453,181,2,0.045473148,,Eidolon dupreanum,partial
PP766453,182,2,0.045473148,,Eidolon dupreanum,partial
PP766453,183,2,0.045473148,,Eidolon dupreanum,partial
PP766453,184,2,0.045473148,,Eidolon dupreanum,partial
PP766453,185,2,0.045473148,,Eidolon dupreanum,partial
PP766453,186,2,0.045473148,,Eidolon dupreanum,partial
PP766453,187,2,0.045473148,,Eidolon dupreanum,partial
PP766453,188,2,0.045473148,,Eidolon dupreanum,partial
PP766453,189,2,0.045473148,,Eidolon dupreanum,partial
PP766453,190,2,0.045473148,,Eidolon dupreanum,partial
PP766453,191,2,0.045473148,,Eidolon dupreanum,partial
PP766453,192,2,0.045473148,,Eidolon dupreanum,partial
PP766453,193,2,0.045473148,,Eidolon dupreanum,partial
PP766453,194,2,0.045473148,,Eidolon dupreanum,partial
PP766453,195,2,0.045473148,,Eidolon dupreanum,partial
PP766453,196,2,0.045473148,,Eidolon dupreanum,partial
PP766453,197,2,0.045473148,,Eidolon dupreanum,partial
PP766453,198,2,0.045473148,,Eidolon dupreanum,partial
PP766453,199,2,0.045473148,,Eidolon dupreanum,partial
PP766453,200,2,0.045473148,,Eidolon dupreanum,partial
PP766453,201,2,0.045473148,,Eidolon dupreanum,partial
PP766453,202,2,0.045473148,,Eidolon dupreanum,partial
PP766453,203,2,0.045473148,,Eidolon dupreanum,partial
PP766453,204,2,0.045473148,,Eidolon dupreanum,partial
PP766453,205,2,0.045473148,,Eidolon dupreanum,partial
PP766453,206,2,0.045473148,,Eidolon dupreanum,partial
PP766453,207,2,0.045473148,,Eidolon dupreanum,partial
PP766453,208,2,0.045473148,,Eidolon dupreanum,partial
PP766453,209,2,0.045473148,,Eidolon dupreanum,partial
PP766453,210,1,0.022736574,,Eidolon dupreanum,partial
PP766453,211,1,0.022736574,,Eidolon dupreanum,partial
PP766453,212,1,0.022736574,,Eidolon dupreanum,partial
PP766453,213,1,0.022736574,,Eidolon dupreanum,partial
PP766453,214,1,0.022736574,,Eidolon dupreanum,partial
PP766453,215,1,0.022736574,,Eidolon dupreanum,partial
PP766453,216,1,0.022736574,,Eidolon dupreanum,partial
PP766453,217,1,0.022736574,,Eidolon dupreanum,partial
PP766453,218,1,0.022736574,,Eidolon dupreanum,partial
PP766453,219,1,0.022736574,,Eidolon dupreanum,partial
PP766453,220,1,0.022736574,,Eidolon dupreanum,partial
PP766453,221,1,0.022736574,,Eidolon dupreanum,partial
PP766453,222,1,0.022736574,,Eidolon dupreanum,partial
PP766453,223,1,0.022736574,,Eidolon dupreanum,partial
PP766453,224,1,0.022736574,,Eidolon dupreanum,partial
PP766453,225,1,0.022736574,,Eidolon dupreanum,partial
PP766453,226,1,0.022736574,,Eidolon dupreanum,partial
PP766453,227,1,0.022736574,,Eidolon dupreanum,partial
PP766453,228,1,0.022736574,,Eidolon dupreanum,partial
PP766453,229,1,0.022736574,,Eidolon dupreanum,partial
PP766453,230,1,0.022736574,,Eidolon dupreanum,partial
PP766453,231,1,0.022736574,,Eidolon dupreanum,partial
PP766453,232,1,0.022736574,,Eidolon dupreanum,partial
PP766453,233,1,0.022736574,,Eidolon dupreanum,partial
PP766453,234,1,0.022736574,,Eidolon dupreanum,partial
PP766453,235,1,0.022736574,,Eidolon dupreanum,partial
PP766453,236,1,0.022736574,,Eidolon dupreanum,partial
PP766453,237,1,0.022736574,,Eidolon dupreanum,partial
PP766453,238,1,0.022736574,,Eidolon dupreanum,partial
PP766453,239,1,0.022736574,,Eidolon dupreanum,partial
PP766453,240,1,0.022736574,,Eidolon dupreanum,partial
PP766453,241,1,0.022736574,,Eidolon dupreanum,partial
PP766453,242,1,0.022736574,,Eidolon dupreanum,partial
PP766453,243,1,0.022736574,,Eidolon dupreanum,partial
PP766453,244,1,0.022736574,,Eidolon dupreanum,partial
PP766453,245,1,0.022736574,,Eidolon dupreanum,partial
PP766453,246,1,0.022736574,,Eidolon dupreanum,partial
PP766453,247,1,0.022736574,,Eidolon dupreanum,partial
PP766453,248,1,0.022736574,,Eidolon dupreanum,partial
PP766453,249,1,0.022736574,,Eidolon dupreanum,partial
PP766453,250,1,0.022736574,,Eidolon dupreanum,partial
PP766453,251,1,0.022736574,,Eidolon dupreanum,partial
PP766453,252,1,0.022736574,,Eidolon dupreanum,partial
PP766453,253,1,0.022736574,,Eidolon dupreanum,partial
PP766453,254,1,0.022736574,,Eidolon dupreanum,partial
PP766453,255,1,0.022736574,,Eidolon dupreanum,partial
PP766453,256,1,0.022736574,,Eidolon dupreanum,partial
PP766453,257,1,0.022736574,,Eidolon dupreanum,partial
PP766453,258,1,0.022736574,,Eidolon dupreanum,partial
PP766453,259,1,0.022736574,,Eidolon dupreanum,partial
PP766453,260,1,0.022736574,,Eidolon dupreanum,partial
PP766453,261,1,0.022736574,,Eidolon dupreanum,partial
PP766453,262,1,0.022736574,,Eidolon dupreanum,partial
PP766453,263,9,0.204629166,,Eidolon dupreanum,partial
PP766453,264,9,0.204629166,,Eidolon dupreanum,partial
PP766453,265,9,0.204629166,,Eidolon dupreanum,partial
PP766453,266,9,0.204629166,,Eidolon dupreanum,partial
PP766453,267,9,0.204629166,,Eidolon dupreanum,partial
PP766453,268,9,0.204629166,,Eidolon dupreanum,partial
PP766453,269,9,0.204629166,,Eidolon dupreanum,partial
PP766453,270,9,0.204629166,,Eidolon dupreanum,partial
PP766453,271,9,0.204629166,,Eidolon dupreanum,partial
PP766453,272,9,0.204629166,,Eidolon dupreanum,partial
PP766453,273,9,0.204629166,,Eidolon dupreanum,partial
PP766453,274,9,0.204629166,,Eidolon dupreanum,partial
PP766453,275,9,0.204629166,,Eidolon dupreanum,partial
PP766453,276,9,0.204629166,,Eidolon dupreanum,partial
PP766453,277,9,0.204629166,,Eidolon dupreanum,partial
PP766453,278,9,0.204629166,,Eidolon dupreanum,partial
PP766453,279,9,0.204629166,,Eidolon dupreanum,partial
PP766453,280,9,0.204629166,,Eidolon dupreanum,partial
PP766453,281,9,0.204629166,,Eidolon dupreanum,partial
PP766453,282,9,0.204629166,,Eidolon dupreanum,partial
PP766453,283,9,0.204629166,,Eidolon dupreanum,partial
PP766453,284,9,0.204629166,,Eidolon dupreanum,partial
PP766453,285,9,0.204629166,,Eidolon dupreanum,partial
PP766453,286,9,0.204629166,,Eidolon dupreanum,partial
PP766453,287,9,0.204629166,,Eidolon dupreanum,partial
PP766453,288,9,0.204629166,,Eidolon dupreanum,partial
PP766453,289,9,0.204629166,,Eidolon dupreanum,partial
PP766453,290,9,0.204629166,,Eidolon dupreanum,partial
PP766453,291,11,0.250102315,,Eidolon dupreanum,partial
PP766453,292,11,0.250102315,,Eidolon dupreanum,partial
PP766453,293,11,0.250102315,,Eidolon dupreanum,partial
PP766453,294,11,0.250102315,,Eidolon dupreanum,partial
PP766453,295,11,0.250102315,,Eidolon dupreanum,partial
PP766453,296,11,0.250102315,,Eidolon dupreanum,partial
PP766453,297,11,0.250102315,,Eidolon dupreanum,partial
PP766453,298,11,0.250102315,,Eidolon dupreanum,partial
PP766453,299,11,0.250102315,,Eidolon dupreanum,partial
PP766453,300,11,0.250102315,,Eidolon dupreanum,partial
PP766453,301,11,0.250102315,,Eidolon dupreanum,partial
PP766453,302,11,0.250102315,,Eidolon dupreanum,partial
PP766453,303,11,0.250102315,,Eidolon dupreanum,partial
PP766453,304,11,0.250102315,,Eidolon dupreanum,partial
PP766453,305,11,0.250102315,,Eidolon dupreanum,partial
PP766453,306,11,0.250102315,,Eidolon dupreanum,partial
PP766453,307,11,0.250102315,,Eidolon dupreanum,partial
PP766453,308,11,0.250102315,,Eidolon dupreanum,partial
PP766453,309,11,0.250102315,,Eidolon dupreanum,partial
PP766453,310,11,0.250102315,,Eidolon dupreanum,partial
PP766453,311,11,0.250102315,,Eidolon dupreanum,partial
PP766453,312,11,0.250102315,,Eidolon dupreanum,partial
PP766453,313,11,0.250102315,,Eidolon dupreanum,partial
PP766453,314,11,0.250102315,,Eidolon dupreanum,partial
PP766453,315,11,0.250102315,,Eidolon dupreanum,partial
PP766453,316,11,0.250102315,,Eidolon dupreanum,partial
PP766453,317,11,0.250102315,,Eidolon dupreanum,partial
PP766453,318,11,0.250102315,,Eidolon dupreanum,partial
PP766453,319,11,0.250102315,,Eidolon dupreanum,partial
PP766453,320,11,0.250102315,,Eidolon dupreanum,partial
PP766453,321,11,0.250102315,,Eidolon dupreanum,partial
PP766453,322,11,0.250102315,,Eidolon dupreanum,partial
PP766453,323,11,0.250102315,,Eidolon dupreanum,partial
PP766453,324,11,0.250102315,,Eidolon dupreanum,partial
PP766453,325,11,0.250102315,,Eidolon dupreanum,partial
PP766453,326,11,0.250102315,,Eidolon dupreanum,partial
PP766453,327,11,0.250102315,,Eidolon dupreanum,partial
PP766453,328,11,0.250102315,,Eidolon dupreanum,partial
PP766453,329,11,0.250102315,,Eidolon dupreanum,partial
PP766453,330,10,0.227365741,,Eidolon dupreanum,partial
PP766453,331,10,0.227365741,,Eidolon dupreanum,partial
PP766453,332,10,0.227365741,,Eidolon dupreanum,partial
PP766453,333,10,0.227365741,,Eidolon dupreanum,partial
PP766453,334,10,0.227365741,,Eidolon dupreanum,partial
PP766453,335,10,0.227365741,,Eidolon dupreanum,partial
PP766453,336,10,0.227365741,,Eidolon dupreanum,partial
PP766453,337,10,0.227365741,,Eidolon dupreanum,partial
PP766453,338,10,0.227365741,,Eidolon dupreanum,partial
PP766453,339,10,0.227365741,,Eidolon dupreanum,partial
PP766453,340,10,0.227365741,,Eidolon dupreanum,partial
PP766453,341,10,0.227365741,,Eidolon dupreanum,partial
PP766453,342,10,0.227365741,,Eidolon dupreanum,partial
PP766453,343,10,0.227365741,,Eidolon dupreanum,partial
PP766453,344,10,0.227365741,,Eidolon dupreanum,partial
PP766453,345,10,0.227365741,,Eidolon dupreanum,partial
PP766453,346,10,0.227365741,,Eidolon dupreanum,partial
PP766453,347,10,0.227365741,,Eidolon dupreanum,partial
PP766453,348,10,0.227365741,,Eidolon dupreanum,partial
PP766453,349,10,0.227365741,,Eidolon dupreanum,partial
PP766453,350,10,0.227365741,,Eidolon dupreanum,partial
PP766453,351,10,0.227365741,,Eidolon dupreanum,partial
PP766453,352,10,0.227365741,,Eidolon dupreanum,partial
PP766453,353,10,0.227365741,,Eidolon dupreanum,partial
PP766453,354,10,0.227365741,,Eidolon dupreanum,partial
PP766453,355,10,0.227365741,,Eidolon dupreanum,partial
PP766453,356,10,0.227365741,,Eidolon dupreanum,partial
PP766453,357,12,0.272838889,,Eidolon dupreanum,partial
PP766453,358,12,0.272838889,,Eidolon dupreanum,partial
PP766453,359,12,0.272838889,,Eidolon dupreanum,partial
PP766453,360,12,0.272838889,,Eidolon dupreanum,partial
PP766453,361,12,0.272838889,,Eidolon dupreanum,partial
PP766453,362,12,0.272838889,,Eidolon dupreanum,partial
PP766453,363,12,0.272838889,,Eidolon dupreanum,partial
PP766453,364,12,0.272838889,,Eidolon dupreanum,partial
PP766453,365,12,0.272838889,,Eidolon dupreanum,partial
PP766453,366,12,0.272838889,,Eidolon dupreanum,partial
PP766453,367,12,0.272838889,,Eidolon dupreanum,partial
PP766453,368,12,0.272838889,,Eidolon dupreanum,partial
PP766453,369,12,0.272838889,,Eidolon dupreanum,partial
PP766453,370,12,0.272838889,,Eidolon dupreanum,partial
PP766453,371,12,0.272838889,,Eidolon dupreanum,partial
PP766453,372,12,0.272838889,,Eidolon dupreanum,partial
PP766453,373,12,0.272838889,,Eidolon dupreanum,partial
PP766453,374,12,0.272838889,,Eidolon dupreanum,partial
PP766453,375,12,0.272838889,,Eidolon dupreanum,partial
PP766453,376,12,0.272838889,,Eidolon dupreanum,partial
PP766453,377,12,0.272838889,,Eidolon dupreanum,partial
PP766453,378,12,0.272838889,,Eidolon dupreanum,partial
PP766453,379,12,0.272838889,,Eidolon dupreanum,partial
PP766453,380,18,0.409258333,,Eidolon dupreanum,partial
PP766453,381,18,0.409258333,,Eidolon dupreanum,partial
PP766453,382,18,0.409258333,,Eidolon dupreanum,partial
PP766453,383,18,0.409258333,,Eidolon dupreanum,partial
PP766453,384,18,0.409258333,,Eidolon dupreanum,partial
PP766453,385,18,0.409258333,,Eidolon dupreanum,partial
PP766453,386,18,0.409258333,,Eidolon dupreanum,partial
PP766453,387,18,0.409258333,,Eidolon dupreanum,partial
PP766453,388,18,0.409258333,,Eidolon dupreanum,partial
PP766453,389,18,0.409258333,,Eidolon dupreanum,partial
PP766453,390,18,0.409258333,,Eidolon dupreanum,partial
PP766453,391,18,0.409258333,,Eidolon dupreanum,partial
PP766453,392,18,0.409258333,,Eidolon dupreanum,partial
PP766453,393,18,0.409258333,,Eidolon dupreanum,partial
PP766453,394,18,0.409258333,,Eidolon dupreanum,partial
PP766453,395,18,0.409258333,,Eidolon dupreanum,partial
PP766453,396,18,0.409258333,,Eidolon dupreanum,partial
PP766453,397,18,0.409258333,,Eidolon dupreanum,partial
PP766453,398,18,0.409258333,,Eidolon dupreanum,partial
PP766453,399,18,0.409258333,,Eidolon dupreanum,partial
PP766453,400,18,0.409258333,,Eidolon dupreanum,partial
PP766453,401,18,0.409258333,,Eidolon dupreanum,partial
PP766453,402,10,0.227365741,,Eidolon dupreanum,partial
PP766453,403,10,0.227365741,,Eidolon dupreanum,partial
PP766453,404,10,0.227365741,,Eidolon dupreanum,partial
PP766453,405,10,0.227365741,,Eidolon dupreanum,partial
PP766453,406,12,0.272838889,,Eidolon dupreanum,partial
PP766453,407,12,0.272838889,,Eidolon dupreanum,partial
PP766453,408,12,0.272838889,,Eidolon dupreanum,partial
PP766453,409,12,0.272838889,,Eidolon dupreanum,partial
PP766453,410,12,0.272838889,,Eidolon dupreanum,partial
PP766453,411,12,0.272838889,,Eidolon dupreanum,partial
PP766453,412,12,0.272838889,,Eidolon dupreanum,partial
PP766453,413,12,0.272838889,,Eidolon dupreanum,partial
PP766453,414,12,0.272838889,,Eidolon dupreanum,partial
PP766453,415,12,0.272838889,,Eidolon dupreanum,partial
PP766453,416,12,0.272838889,,Eidolon dupreanum,partial
PP766453,417,12,0.272838889,,Eidolon dupreanum,partial
PP766453,418,12,0.272838889,,Eidolon dupreanum,partial
PP766453,419,12,0.272838889,,Eidolon dupreanum,partial
PP766453,420,12,0.272838889,,Eidolon dupreanum,partial
PP766453,421,12,0.272838889,,Eidolon dupreanum,partial
PP766453,422,12,0.272838889,,Eidolon dupreanum,partial
PP766453,423,12,0.272838889,,Eidolon dupreanum,partial
PP766453,424,12,0.272838889,,Eidolon dupreanum,partial
PP766453,425,12,0.272838889,,Eidolon dupreanum,partial
PP766453,426,12,0.272838889,,Eidolon dupreanum,partial
PP766453,427,12,0.272838889,,Eidolon dupreanum,partial
PP766453,428,12,0.272838889,,Eidolon dupreanum,partial
PP766453,429,12,0.272838889,,Eidolon dupreanum,partial
PP766453,430,12,0.272838889,,Eidolon dupreanum,partial
PP766453,431,12,0.272838889,,Eidolon dupreanum,partial
PP766453,432,12,0.272838889,,Eidolon dupreanum,partial
PP766453,433,12,0.272838889,,Eidolon dupreanum,partial
PP766453,434,12,0.272838889,,Eidolon dupreanum,partial
PP766453,435,12,0.272838889,,Eidolon dupreanum,partial
PP766453,436,12,0.272838889,,Eidolon dupreanum,partial
PP766453,437,12,0.272838889,,Eidolon dupreanum,partial
PP766453,438,12,0.272838889,,Eidolon dupreanum,partial
PP766453,439,12,0.272838889,,Eidolon dupreanum,partial
PP766453,440,12,0.272838889,,Eidolon dupreanum,partial
PP766453,441,12,0.272838889,,Eidolon dupreanum,partial
PP766453,442,10,0.227365741,,Eidolon dupreanum,partial
PP766453,443,10,0.227365741,,Eidolon dupreanum,partial
PP766453,444,10,0.227365741,,Eidolon dupreanum,partial
PP766453,445,10,0.227365741,,Eidolon dupreanum,partial
PP766453,446,10,0.227365741,,Eidolon dupreanum,partial
PP766453,447,10,0.227365741,,Eidolon dupreanum,partial
PP766453,448,10,0.227365741,,Eidolon dupreanum,partial
PP766453,449,10,0.227365741,,Eidolon dupreanum,partial
PP766453,450,10,0.227365741,,Eidolon dupreanum,partial
PP766453,451,10,0.227365741,,Eidolon dupreanum,partial
PP766453,452,10,0.227365741,,Eidolon dupreanum,partial
PP766453,453,10,0.227365741,,Eidolon dupreanum,partial
PP766453,454,10,0.227365741,,Eidolon dupreanum,partial
PP766453,455,10,0.227365741,,Eidolon dupreanum,partial
PP766453,456,10,0.227365741,,Eidolon dupreanum,partial
PP766453,457,10,0.227365741,,Eidolon dupreanum,partial
PP766453,458,10,0.227365741,,Eidolon dupreanum,partial
PP766453,459,10,0.227365741,,Eidolon dupreanum,partial
PP766453,460,10,0.227365741,,Eidolon dupreanum,partial
PP766453,461,10,0.227365741,,Eidolon dupreanum,partial
PP766453,462,10,0.227365741,,Eidolon dupreanum,partial
PP766453,463,10,0.227365741,,Eidolon dupreanum,partial
PP766453,464,10,0.227365741,,Eidolon dupreanum,partial
PP766453,465,10,0.227365741,,Eidolon dupreanum,partial
PP766453,466,10,0.227365741,,Eidolon dupreanum,partial
PP766453,467,10,0.227365741,,Eidolon dupreanum,partial
PP766453,468,10,0.227365741,,Eidolon dupreanum,partial
PP766453,469,10,0.227365741,,Eidolon dupreanum,partial
PP766453,470,10,0.227365741,,Eidolon dupreanum,partial
PP766453,471,10,0.227365741,,Eidolon dupreanum,partial
PP766453,472,10,0.227365741,,Eidolon dupreanum,partial
PP766453,473,19,0.431994907,,Eidolon dupreanum,partial
PP766453,474,19,0.431994907,,Eidolon dupreanum,partial
PP766453,475,19,0.431994907,,Eidolon dupreanum,partial
PP766453,476,21,0.477468055,,Eidolon dupreanum,partial
PP766453,477,21,0.477468055,,Eidolon dupreanum,partial
PP766453,478,21,0.477468055,,Eidolon dupreanum,partial
PP766453,479,21,0.477468055,,Eidolon dupreanum,partial
PP766453,480,21,0.477468055,,Eidolon dupreanum,partial
PP766453,481,21,0.477468055,,Eidolon dupreanum,partial
PP766453,482,21,0.477468055,,Eidolon dupreanum,partial
PP766453,483,21,0.477468055,,Eidolon dupreanum,partial
PP766453,484,21,0.477468055,,Eidolon dupreanum,partial
PP766453,485,21,0.477468055,,Eidolon dupreanum,partial
PP766453,486,21,0.477468055,,Eidolon dupreanum,partial
PP766453,487,21,0.477468055,,Eidolon dupreanum,partial
PP766453,488,21,0.477468055,,Eidolon dupreanum,partial
PP766453,489,21,0.477468055,,Eidolon dupreanum,partial
PP766453,490,21,0.477468055,,Eidolon dupreanum,partial
PP766453,491,21,0.477468055,,Eidolon dupreanum,partial
PP766453,492,21,0.477468055,,Eidolon dupreanum,partial
PP766453,493,21,0.477468055,,Eidolon dupreanum,partial
PP766453,494,21,0.477468055,,Eidolon dupreanum,partial
PP766453,495,21,0.477468055,,Eidolon dupreanum,partial
PP766453,496,21,0.477468055,,Eidolon dupreanum,partial
PP766453,497,21,0.477468055,,Eidolon dupreanum,partial
PP766453,498,21,0.477468055,,Eidolon dupreanum,partial
PP766453,499,21,0.477468055,,Eidolon dupreanum,partial
PP766453,500,21,0.477468055,,Eidolon dupreanum,partial
PP766453,501,21,0.477468055,,Eidolon dupreanum,partial
PP766453,502,21,0.477468055,,Eidolon dupreanum,partial
PP766453,503,21,0.477468055,,Eidolon dupreanum,partial
PP766453,504,21,0.477468055,,Eidolon dupreanum,partial
PP766453,505,21,0.477468055,,Eidolon dupreanum,partial
PP766453,506,21,0.477468055,,Eidolon dupreanum,partial
PP766453,507,21,0.477468055,,Eidolon dupreanum,partial
PP766453,508,19,0.431994907,,Eidolon dupreanum,partial
PP766453,509,19,0.431994907,,Eidolon dupreanum,partial
PP766453,510,19,0.431994907,,Eidolon dupreanum,partial
PP766453,511,19,0.431994907,,Eidolon dupreanum,partial
PP766453,512,23,0.522941203,,Eidolon dupreanum,partial
PP766453,513,23,0.522941203,,Eidolon dupreanum,partial
PP766453,514,23,0.522941203,,Eidolon dupreanum,partial
PP766453,515,23,0.522941203,,Eidolon dupreanum,partial
PP766453,516,23,0.522941203,,Eidolon dupreanum,partial
PP766453,517,23,0.522941203,,Eidolon dupreanum,partial
PP766453,518,25,0.568414351,,Eidolon dupreanum,partial
PP766453,519,25,0.568414351,,Eidolon dupreanum,partial
PP766453,520,25,0.568414351,,Eidolon dupreanum,partial
PP766453,521,25,0.568414351,,Eidolon dupreanum,partial
PP766453,522,25,0.568414351,,Eidolon dupreanum,partial
PP766453,523,25,0.568414351,,Eidolon dupreanum,partial
PP766453,524,25,0.568414351,,Eidolon dupreanum,partial
PP766453,525,25,0.568414351,,Eidolon dupreanum,partial
PP766453,526,25,0.568414351,,Eidolon dupreanum,partial
PP766453,527,25,0.568414351,,Eidolon dupreanum,partial
PP766453,528,25,0.568414351,,Eidolon dupreanum,partial
PP766453,529,25,0.568414351,,Eidolon dupreanum,partial
PP766453,530,25,0.568414351,,Eidolon dupreanum,partial
PP766453,531,19,0.431994907,,Eidolon dupreanum,partial
PP766453,532,19,0.431994907,,Eidolon dupreanum,partial
PP766453,533,19,0.431994907,,Eidolon dupreanum,partial
PP766453,534,19,0.431994907,,Eidolon dupreanum,partial
PP766453,535,19,0.431994907,,Eidolon dupreanum,partial
PP766453,536,19,0.431994907,,Eidolon dupreanum,partial
PP766453,537,19,0.431994907,,Eidolon dupreanum,partial
PP766453,538,19,0.431994907,,Eidolon dupreanum,partial
PP766453,539,19,0.431994907,,Eidolon dupreanum,partial
PP766453,540,19,0.431994907,,Eidolon dupreanum,partial
PP766453,541,19,0.431994907,,Eidolon dupreanum,partial
PP766453,542,28,0.636624073,,Eidolon dupreanum,partial
PP766453,543,28,0.636624073,,Eidolon dupreanum,partial
PP766453,544,28,0.636624073,,Eidolon dupreanum,partial
PP766453,545,28,0.636624073,,Eidolon dupreanum,partial
PP766453,546,28,0.636624073,,Eidolon dupreanum,partial
PP766453,547,28,0.636624073,,Eidolon dupreanum,partial
PP766453,548,28,0.636624073,,Eidolon dupreanum,partial
PP766453,549,28,0.636624073,,Eidolon dupreanum,partial
PP766453,550,28,0.636624073,,Eidolon dupreanum,partial
PP766453,551,28,0.636624073,,Eidolon dupreanum,partial
PP766453,552,28,0.636624073,,Eidolon dupreanum,partial
PP766453,553,28,0.636624073,,Eidolon dupreanum,partial
PP766453,554,28,0.636624073,,Eidolon dupreanum,partial
PP766453,555,28,0.636624073,,Eidolon dupreanum,partial
PP766453,556,28,0.636624073,,Eidolon dupreanum,partial
PP766453,557,26,0.591150925,,Eidolon dupreanum,partial
PP766453,558,26,0.591150925,,Eidolon dupreanum,partial
PP766453,559,26,0.591150925,,Eidolon dupreanum,partial
PP766453,560,26,0.591150925,,Eidolon dupreanum,partial
PP766453,561,26,0.591150925,,Eidolon dupreanum,partial
PP766453,562,26,0.591150925,,Eidolon dupreanum,partial
PP766453,563,26,0.591150925,,Eidolon dupreanum,partial
PP766453,564,26,0.591150925,,Eidolon dupreanum,partial
PP766453,565,26,0.591150925,,Eidolon dupreanum,partial
PP766453,566,26,0.591150925,,Eidolon dupreanum,partial
PP766453,567,26,0.591150925,,Eidolon dupreanum,partial
PP766453,568,26,0.591150925,,Eidolon dupreanum,partial
PP766453,569,26,0.591150925,,Eidolon dupreanum,partial
PP766453,570,26,0.591150925,,Eidolon dupreanum,partial
PP766453,571,26,0.591150925,,Eidolon dupreanum,partial
PP766453,572,26,0.591150925,,Eidolon dupreanum,partial
PP766453,573,26,0.591150925,,Eidolon dupreanum,partial
PP766453,574,26,0.591150925,,Eidolon dupreanum,partial
PP766453,575,26,0.591150925,,Eidolon dupreanum,partial
PP766453,576,26,0.591150925,,Eidolon dupreanum,partial
PP766453,577,26,0.591150925,,Eidolon dupreanum,partial
PP766453,578,26,0.591150925,,Eidolon dupreanum,partial
PP766453,579,26,0.591150925,,Eidolon dupreanum,partial
PP766453,580,26,0.591150925,,Eidolon dupreanum,partial
PP766453,581,26,0.591150925,,Eidolon dupreanum,partial
PP766453,582,26,0.591150925,,Eidolon dupreanum,partial
PP766453,583,26,0.591150925,,Eidolon dupreanum,partial
PP766453,584,26,0.591150925,,Eidolon dupreanum,partial
PP766453,585,26,0.591150925,,Eidolon dupreanum,partial
PP766453,586,26,0.591150925,,Eidolon dupreanum,partial
PP766453,587,26,0.591150925,,Eidolon dupreanum,partial
PP766453,588,26,0.591150925,,Eidolon dupreanum,partial
PP766453,589,26,0.591150925,,Eidolon dupreanum,partial
PP766453,590,26,0.591150925,,Eidolon dupreanum,partial
PP766453,591,26,0.591150925,,Eidolon dupreanum,partial
PP766453,592,26,0.591150925,,Eidolon dupreanum,partial
PP766453,593,26,0.591150925,,Eidolon dupreanum,partial
PP766453,594,26,0.591150925,,Eidolon dupreanum,partial
PP766453,595,26,0.591150925,,Eidolon dupreanum,partial
PP766453,596,26,0.591150925,,Eidolon dupreanum,partial
PP766453,597,26,0.591150925,,Eidolon dupreanum,partial
PP766453,598,26,0.591150925,,Eidolon dupreanum,partial
PP766453,599,26,0.591150925,,Eidolon dupreanum,partial
PP766453,600,26,0.591150925,,Eidolon dupreanum,partial
PP766453,601,26,0.591150925,,Eidolon dupreanum,partial
PP766453,602,26,0.591150925,,Eidolon dupreanum,partial
PP766453,603,26,0.591150925,,Eidolon dupreanum,partial
PP766453,604,26,0.591150925,,Eidolon dupreanum,partial
PP766453,605,26,0.591150925,,Eidolon dupreanum,partial
PP766453,606,26,0.591150925,,Eidolon dupreanum,partial
PP766453,607,26,0.591150925,,Eidolon dupreanum,partial
PP766453,608,26,0.591150925,,Eidolon dupreanum,partial
PP766453,609,26,0.591150925,,Eidolon dupreanum,partial
PP766453,610,26,0.591150925,,Eidolon dupreanum,partial
PP766453,611,26,0.591150925,,Eidolon dupreanum,partial
PP766453,612,26,0.591150925,,Eidolon dupreanum,partial
PP766453,613,26,0.591150925,,Eidolon dupreanum,partial
PP766453,614,31,0.704833796,,Eidolon dupreanum,partial
PP766453,615,31,0.704833796,,Eidolon dupreanum,partial
PP766453,616,36,0.818516666,,Eidolon dupreanum,partial
PP766453,617,36,0.818516666,,Eidolon dupreanum,partial
PP766453,618,39,0.886726388,,Eidolon dupreanum,partial
PP766453,619,39,0.886726388,,Eidolon dupreanum,partial
PP766453,620,39,0.886726388,,Eidolon dupreanum,partial
PP766453,621,39,0.886726388,,Eidolon dupreanum,partial
PP766453,622,39,0.886726388,,Eidolon dupreanum,partial
PP766453,623,39,0.886726388,,Eidolon dupreanum,partial
PP766453,624,30,0.682097222,,Eidolon dupreanum,partial
PP766453,625,30,0.682097222,,Eidolon dupreanum,partial
PP766453,626,30,0.682097222,,Eidolon dupreanum,partial
PP766453,627,28,0.636624073,,Eidolon dupreanum,partial
PP766453,628,28,0.636624073,,Eidolon dupreanum,partial
PP766453,629,28,0.636624073,,Eidolon dupreanum,partial
PP766453,630,28,0.636624073,,Eidolon dupreanum,partial
PP766453,631,28,0.636624073,,Eidolon dupreanum,partial
PP766453,632,28,0.636624073,,Eidolon dupreanum,partial
PP766453,633,28,0.636624073,,Eidolon dupreanum,partial
PP766453,634,28,0.636624073,,Eidolon dupreanum,partial
PP766453,635,28,0.636624073,,Eidolon dupreanum,partial
PP766453,636,28,0.636624073,,Eidolon dupreanum,partial
PP766453,637,28,0.636624073,,Eidolon dupreanum,partial
PP766453,638,28,0.636624073,,Eidolon dupreanum,partial
PP766453,639,28,0.636624073,,Eidolon dupreanum,partial
PP766453,640,28,0.636624073,,Eidolon dupreanum,partial
PP766453,641,30,0.682097222,,Eidolon dupreanum,partial
PP766453,642,30,0.682097222,,Eidolon dupreanum,partial
PP766453,643,30,0.682097222,,Eidolon dupreanum,partial
PP766453,644,30,0.682097222,,Eidolon dupreanum,partial
PP766453,645,30,0.682097222,,Eidolon dupreanum,partial
PP766453,646,30,0.682097222,,Eidolon dupreanum,partial
PP766453,647,30,0.682097222,,Eidolon dupreanum,partial
PP766453,648,30,0.682097222,,Eidolon dupreanum,partial
PP766453,649,30,0.682097222,,Eidolon dupreanum,partial
PP766453,650,30,0.682097222,,Eidolon dupreanum,partial
PP766453,651,30,0.682097222,,Eidolon dupreanum,partial
PP766453,652,31,0.704833796,,Eidolon dupreanum,partial
PP766453,653,31,0.704833796,,Eidolon dupreanum,partial
PP766453,654,31,0.704833796,,Eidolon dupreanum,partial
PP766453,655,31,0.704833796,,Eidolon dupreanum,partial
PP766453,656,31,0.704833796,,Eidolon dupreanum,partial
PP766453,657,31,0.704833796,,Eidolon dupreanum,partial
PP766453,658,31,0.704833796,,Eidolon dupreanum,partial
PP766453,659,31,0.704833796,,Eidolon dupreanum,partial
PP766453,660,31,0.704833796,,Eidolon dupreanum,partial
PP766453,661,31,0.704833796,,Eidolon dupreanum,partial
PP766453,662,31,0.704833796,,Eidolon dupreanum,partial
PP766453,663,27,0.613887499,,Eidolon dupreanum,partial
PP766453,664,27,0.613887499,,Eidolon dupreanum,partial
PP766453,665,28,0.636624073,,Eidolon dupreanum,partial
PP766453,666,28,0.636624073,,Eidolon dupreanum,partial
PP766453,667,31,0.704833796,,Eidolon dupreanum,partial
PP766453,668,31,0.704833796,,Eidolon dupreanum,partial
PP766453,669,29,0.659360648,,Eidolon dupreanum,partial
PP766453,670,29,0.659360648,,Eidolon dupreanum,partial
PP766453,671,29,0.659360648,,Eidolon dupreanum,partial
PP766453,672,29,0.659360648,,Eidolon dupreanum,partial
PP766453,673,29,0.659360648,,Eidolon dupreanum,partial
PP766453,674,29,0.659360648,,Eidolon dupreanum,partial
PP766453,675,29,0.659360648,,Eidolon dupreanum,partial
PP766453,676,29,0.659360648,,Eidolon dupreanum,partial
PP766453,677,30,0.682097222,,Eidolon dupreanum,partial
PP766453,678,30,0.682097222,,Eidolon dupreanum,partial
PP766453,679,30,0.682097222,,Eidolon dupreanum,partial
PP766453,680,30,0.682097222,,Eidolon dupreanum,partial
PP766453,681,30,0.682097222,,Eidolon dupreanum,partial
PP766453,682,30,0.682097222,,Eidolon dupreanum,partial
PP766453,683,30,0.682097222,,Eidolon dupreanum,partial
PP766453,684,30,0.682097222,,Eidolon dupreanum,partial
PP766453,685,30,0.682097222,,Eidolon dupreanum,partial
PP766453,686,30,0.682097222,,Eidolon dupreanum,partial
PP766453,687,30,0.682097222,,Eidolon dupreanum,partial
PP766453,688,30,0.682097222,,Eidolon dupreanum,partial
PP766453,689,30,0.682097222,,Eidolon dupreanum,partial
PP766453,690,30,0.682097222,,Eidolon dupreanum,partial
PP766453,691,30,0.682097222,,Eidolon dupreanum,partial
PP766453,692,30,0.682097222,,Eidolon dupreanum,partial
PP766453,693,21,0.477468055,,Eidolon dupreanum,partial
PP766453,694,21,0.477468055,,Eidolon dupreanum,partial
PP766453,695,21,0.477468055,,Eidolon dupreanum,partial
PP766453,696,21,0.477468055,,Eidolon dupreanum,partial
PP766453,697,21,0.477468055,,Eidolon dupreanum,partial
PP766453,698,21,0.477468055,,Eidolon dupreanum,partial
PP766453,699,21,0.477468055,,Eidolon dupreanum,partial
PP766453,700,21,0.477468055,,Eidolon dupreanum,partial
PP766453,701,21,0.477468055,,Eidolon dupreanum,partial
PP766453,702,21,0.477468055,,Eidolon dupreanum,partial
PP766453,703,21,0.477468055,,Eidolon dupreanum,partial
PP766453,704,21,0.477468055,,Eidolon dupreanum,partial
PP766453,705,21,0.477468055,,Eidolon dupreanum,partial
PP766453,706,21,0.477468055,,Eidolon dupreanum,partial
PP766453,707,21,0.477468055,,Eidolon dupreanum,partial
PP766453,708,21,0.477468055,,Eidolon dupreanum,partial
PP766453,709,21,0.477468055,,Eidolon dupreanum,partial
PP766453,710,21,0.477468055,,Eidolon dupreanum,partial
PP766453,711,21,0.477468055,,Eidolon dupreanum,partial
PP766453,712,21,0.477468055,,Eidolon dupreanum,partial
PP766453,713,21,0.477468055,,Eidolon dupreanum,partial
PP766453,714,21,0.477468055,,Eidolon dupreanum,partial
PP766453,715,21,0.477468055,,Eidolon dupreanum,partial
PP766453,716,21,0.477468055,,Eidolon dupreanum,partial
PP766453,717,21,0.477468055,,Eidolon dupreanum,partial
PP766453,718,21,0.477468055,,Eidolon dupreanum,partial
PP766453,719,21,0.477468055,,Eidolon dupreanum,partial
PP766453,720,21,0.477468055,,Eidolon dupreanum,partial
PP766453,721,21,0.477468055,,Eidolon dupreanum,partial
PP766453,722,21,0.477468055,,Eidolon dupreanum,partial
PP766453,723,21,0.477468055,,Eidolon dupreanum,partial
PP766453,724,21,0.477468055,,Eidolon dupreanum,partial
PP766453,725,21,0.477468055,,Eidolon dupreanum,partial
PP766453,726,21,0.477468055,,Eidolon dupreanum,partial
PP766453,727,21,0.477468055,,Eidolon dupreanum,partial
PP766453,728,21,0.477468055,,Eidolon dupreanum,partial
PP766453,729,21,0.477468055,,Eidolon dupreanum,partial
PP766453,730,21,0.477468055,,Eidolon dupreanum,partial
PP766453,731,21,0.477468055,,Eidolon dupreanum,partial
PP766453,732,21,0.477468055,,Eidolon dupreanum,partial
PP766453,733,21,0.477468055,,Eidolon dupreanum,partial
PP766453,734,21,0.477468055,,Eidolon dupreanum,partial
PP766453,735,21,0.477468055,,Eidolon dupreanum,partial
PP766453,736,21,0.477468055,,Eidolon dupreanum,partial
PP766453,737,21,0.477468055,,Eidolon dupreanum,partial
PP766453,738,21,0.477468055,,Eidolon dupreanum,partial
PP766453,739,21,0.477468055,,Eidolon dupreanum,partial
PP766453,740,21,0.477468055,,Eidolon dupreanum,partial
PP766453,741,21,0.477468055,,Eidolon dupreanum,partial
PP766453,742,21,0.477468055,,Eidolon dupreanum,partial
PP766453,743,21,0.477468055,,Eidolon dupreanum,partial
PP766453,744,21,0.477468055,,Eidolon dupreanum,partial
PP766453,745,21,0.477468055,,Eidolon dupreanum,partial
PP766453,746,21,0.477468055,,Eidolon dupreanum,partial
PP766453,747,21,0.477468055,,Eidolon dupreanum,partial
PP766453,748,23,0.522941203,,Eidolon dupreanum,partial
PP766453,749,23,0.522941203,,Eidolon dupreanum,partial
PP766453,750,24,0.545677777,,Eidolon dupreanum,partial
PP766453,751,24,0.545677777,,Eidolon dupreanum,partial
PP766453,752,24,0.545677777,,Eidolon dupreanum,partial
PP766453,753,24,0.545677777,,Eidolon dupreanum,partial
PP766453,754,24,0.545677777,,Eidolon dupreanum,partial
PP766453,755,24,0.545677777,,Eidolon dupreanum,partial
PP766453,756,24,0.545677777,,Eidolon dupreanum,partial
PP766453,757,30,0.682097222,,Eidolon dupreanum,partial
PP766453,758,32,0.72757037,,Eidolon dupreanum,partial
PP766453,759,32,0.72757037,,Eidolon dupreanum,partial
PP766453,760,32,0.72757037,,Eidolon dupreanum,partial
PP766453,761,32,0.72757037,,Eidolon dupreanum,partial
PP766453,762,32,0.72757037,,Eidolon dupreanum,partial
PP766453,763,32,0.72757037,,Eidolon dupreanum,partial
PP766453,764,32,0.72757037,,Eidolon dupreanum,partial
PP766453,765,27,0.613887499,,Eidolon dupreanum,partial
PP766453,766,27,0.613887499,,Eidolon dupreanum,partial
PP766453,767,22,0.500204629,,Eidolon dupreanum,partial
PP766453,768,22,0.500204629,,Eidolon dupreanum,partial
PP766453,769,19,0.431994907,,Eidolon dupreanum,partial
PP766453,770,19,0.431994907,,Eidolon dupreanum,partial
PP766453,771,19,0.431994907,,Eidolon dupreanum,partial
PP766453,772,19,0.431994907,,Eidolon dupreanum,partial
PP766453,773,19,0.431994907,,Eidolon dupreanum,partial
PP766453,774,19,0.431994907,,Eidolon dupreanum,partial
PP766453,775,19,0.431994907,,Eidolon dupreanum,partial
PP766453,776,19,0.431994907,,Eidolon dupreanum,partial
PP766453,777,19,0.431994907,,Eidolon dupreanum,partial
PP766453,778,19,0.431994907,,Eidolon dupreanum,partial
PP766453,779,19,0.431994907,,Eidolon dupreanum,partial
PP766453,780,19,0.431994907,,Eidolon dupreanum,partial
PP766453,781,19,0.431994907,,Eidolon dupreanum,partial
PP766453,782,19,0.431994907,,Eidolon dupreanum,partial
PP766453,783,19,0.431994907,,Eidolon dupreanum,partial
PP766453,784,19,0.431994907,,Eidolon dupreanum,partial
PP766453,785,19,0.431994907,,Eidolon dupreanum,partial
PP766453,786,19,0.431994907,,Eidolon dupreanum,partial
PP766453,787,19,0.431994907,,Eidolon dupreanum,partial
PP766453,788,19,0.431994907,,Eidolon dupreanum,partial
PP766453,789,19,0.431994907,,Eidolon dupreanum,partial
PP766453,790,19,0.431994907,,Eidolon dupreanum,partial
PP766453,791,19,0.431994907,,Eidolon dupreanum,partial
PP766453,792,17,0.386521759,,Eidolon dupreanum,partial
PP766453,793,17,0.386521759,,Eidolon dupreanum,partial
PP766453,794,17,0.386521759,,Eidolon dupreanum,partial
PP766453,795,17,0.386521759,,Eidolon dupreanum,partial
PP766453,796,17,0.386521759,,Eidolon dupreanum,partial
PP766453,797,17,0.386521759,,Eidolon dupreanum,partial
PP766453,798,17,0.386521759,,Eidolon dupreanum,partial
PP766453,799,17,0.386521759,,Eidolon dupreanum,partial
PP766453,800,17,0.386521759,,Eidolon dupreanum,partial
PP766453,801,17,0.386521759,,Eidolon dupreanum,partial
PP766453,802,17,0.386521759,,Eidolon dupreanum,partial
PP766453,803,16,0.363785185,,Eidolon dupreanum,partial
PP766453,804,16,0.363785185,,Eidolon dupreanum,partial
PP766453,805,16,0.363785185,,Eidolon dupreanum,partial
PP766453,806,16,0.363785185,,Eidolon dupreanum,partial
PP766453,807,16,0.363785185,,Eidolon dupreanum,partial
PP766453,808,16,0.363785185,,Eidolon dupreanum,partial
PP766453,809,16,0.363785185,,Eidolon dupreanum,partial
PP766453,810,16,0.363785185,,Eidolon dupreanum,partial
PP766453,811,17,0.386521759,,Eidolon dupreanum,partial
PP766453,812,17,0.386521759,,Eidolon dupreanum,partial
PP766453,813,17,0.386521759,,Eidolon dupreanum,partial
PP766453,814,17,0.386521759,,Eidolon dupreanum,partial
PP766453,815,17,0.386521759,,Eidolon dupreanum,partial
PP766453,816,16,0.363785185,,Eidolon dupreanum,partial
PP766453,817,16,0.363785185,,Eidolon dupreanum,partial
PP766453,818,13,0.295575463,,Eidolon dupreanum,partial
PP766453,819,13,0.295575463,,Eidolon dupreanum,partial
PP766453,820,13,0.295575463,,Eidolon dupreanum,partial
PP766453,821,13,0.295575463,,Eidolon dupreanum,partial
PP766453,822,13,0.295575463,,Eidolon dupreanum,partial
PP766453,823,13,0.295575463,,Eidolon dupreanum,partial
PP766453,824,13,0.295575463,,Eidolon dupreanum,partial
PP766453,825,13,0.295575463,,Eidolon dupreanum,partial
PP766453,826,13,0.295575463,,Eidolon dupreanum,partial
PP766453,827,13,0.295575463,,Eidolon dupreanum,partial
PP766453,828,12,0.272838889,,Eidolon dupreanum,partial
PP766453,829,12,0.272838889,,Eidolon dupreanum,partial
PP766453,830,12,0.272838889,,Eidolon dupreanum,partial
PP766453,831,12,0.272838889,,Eidolon dupreanum,partial
PP766453,832,12,0.272838889,,Eidolon dupreanum,partial
PP766453,833,13,0.295575463,,Eidolon dupreanum,partial
PP766453,834,13,0.295575463,,Eidolon dupreanum,partial
PP766453,835,13,0.295575463,,Eidolon dupreanum,partial
PP766453,836,13,0.295575463,,Eidolon dupreanum,partial
PP766453,837,13,0.295575463,,Eidolon dupreanum,partial
PP766453,838,13,0.295575463,,Eidolon dupreanum,partial
PP766453,839,16,0.363785185,,Eidolon dupreanum,partial
PP766453,840,16,0.363785185,,Eidolon dupreanum,partial
PP766453,841,16,0.363785185,,Eidolon dupreanum,partial
PP766453,842,18,0.409258333,,Eidolon dupreanum,partial
PP766453,843,18,0.409258333,,Eidolon dupreanum,partial
PP766453,844,20,0.454731481,,Eidolon dupreanum,partial
PP766453,845,20,0.454731481,,Eidolon dupreanum,partial
PP766453,846,20,0.454731481,,Eidolon dupreanum,partial
PP766453,847,20,0.454731481,,Eidolon dupreanum,partial
PP766453,848,20,0.454731481,,Eidolon dupreanum,partial
PP766453,849,20,0.454731481,,Eidolon dupreanum,partial
PP766453,850,20,0.454731481,,Eidolon dupreanum,partial
PP766453,851,20,0.454731481,,Eidolon dupreanum,partial
PP766453,852,20,0.454731481,,Eidolon dupreanum,partial
PP766453,853,20,0.454731481,,Eidolon dupreanum,partial
PP766453,854,20,0.454731481,,Eidolon dupreanum,partial
PP766453,855,20,0.454731481,,Eidolon dupreanum,partial
PP766453,856,20,0.454731481,,Eidolon dupreanum,partial
PP766453,857,20,0.454731481,,Eidolon dupreanum,partial
PP766453,858,20,0.454731481,,Eidolon dupreanum,partial
PP766453,859,20,0.454731481,,Eidolon dupreanum,partial
PP766453,860,20,0.454731481,,Eidolon dupreanum,partial
PP766453,861,20,0.454731481,,Eidolon dupreanum,partial
PP766453,862,20,0.454731481,,Eidolon dupreanum,partial
PP766453,863,20,0.454731481,,Eidolon dupreanum,partial
PP766453,864,20,0.454731481,,Eidolon dupreanum,partial
PP766453,865,20,0.454731481,,Eidolon dupreanum,partial
PP766453,866,20,0.454731481,,Eidolon dupreanum,partial
PP766453,867,20,0.454731481,,Eidolon dupreanum,partial
PP766453,868,20,0.454731481,,Eidolon dupreanum,partial
PP766453,869,20,0.454731481,,Eidolon dupreanum,partial
PP766453,870,20,0.454731481,,Eidolon dupreanum,partial
PP766453,871,20,0.454731481,,Eidolon dupreanum,partial
PP766453,872,20,0.454731481,,Eidolon dupreanum,partial
PP766453,873,20,0.454731481,,Eidolon dupreanum,partial
PP766453,874,20,0.454731481,,Eidolon dupreanum,partial
PP766453,875,20,0.454731481,,Eidolon dupreanum,partial
PP766453,876,20,0.454731481,,Eidolon dupreanum,partial
PP766453,877,20,0.454731481,,Eidolon dupreanum,partial
PP766453,878,20,0.454731481,,Eidolon dupreanum,partial
PP766453,879,20,0.454731481,,Eidolon dupreanum,partial
PP766453,880,20,0.454731481,,Eidolon dupreanum,partial
PP766453,881,20,0.454731481,,Eidolon dupreanum,partial
PP766453,882,20,0.454731481,,Eidolon dupreanum,partial
PP766453,883,20,0.454731481,,Eidolon dupreanum,partial
PP766453,884,22,0.500204629,,Eidolon dupreanum,partial
PP766453,885,22,0.500204629,,Eidolon dupreanum,partial
PP766453,886,22,0.500204629,,Eidolon dupreanum,partial
PP766453,887,22,0.500204629,,Eidolon dupreanum,partial
PP766453,888,25,0.568414351,,Eidolon dupreanum,partial
PP766453,889,25,0.568414351,,Eidolon dupreanum,partial
PP766453,890,25,0.568414351,,Eidolon dupreanum,partial
PP766453,891,25,0.568414351,,Eidolon dupreanum,partial
PP766453,892,25,0.568414351,,Eidolon dupreanum,partial
PP766453,893,25,0.568414351,,Eidolon dupreanum,partial
PP766453,894,25,0.568414351,,Eidolon dupreanum,partial
PP766453,895,25,0.568414351,,Eidolon dupreanum,partial
PP766453,896,25,0.568414351,,Eidolon dupreanum,partial
PP766453,897,25,0.568414351,,Eidolon dupreanum,partial
PP766453,898,25,0.568414351,,Eidolon dupreanum,partial
PP766453,899,23,0.522941203,,Eidolon dupreanum,partial
PP766453,900,23,0.522941203,,Eidolon dupreanum,partial
PP766453,901,22,0.500204629,,Eidolon dupreanum,partial
PP766453,902,22,0.500204629,,Eidolon dupreanum,partial
PP766453,903,22,0.500204629,,Eidolon dupreanum,partial
PP766453,904,22,0.500204629,,Eidolon dupreanum,partial
PP766453,905,16,0.363785185,,Eidolon dupreanum,partial
PP766453,906,16,0.363785185,,Eidolon dupreanum,partial
PP766453,907,16,0.363785185,,Eidolon dupreanum,partial
PP766453,908,16,0.363785185,,Eidolon dupreanum,partial
PP766453,909,14,0.318312037,,Eidolon dupreanum,partial
PP766453,910,14,0.318312037,,Eidolon dupreanum,partial
PP766453,911,14,0.318312037,,Eidolon dupreanum,partial
PP766453,912,14,0.318312037,,Eidolon dupreanum,partial
PP766453,913,14,0.318312037,,Eidolon dupreanum,partial
PP766453,914,14,0.318312037,,Eidolon dupreanum,partial
PP766453,915,14,0.318312037,,Eidolon dupreanum,partial
PP766453,916,14,0.318312037,,Eidolon dupreanum,partial
PP766453,917,14,0.318312037,,Eidolon dupreanum,partial
PP766453,918,14,0.318312037,,Eidolon dupreanum,partial
PP766453,919,14,0.318312037,,Eidolon dupreanum,partial
PP766453,920,14,0.318312037,,Eidolon dupreanum,partial
PP766453,921,14,0.318312037,,Eidolon dupreanum,partial
PP766453,922,14,0.318312037,,Eidolon dupreanum,partial
PP766453,923,14,0.318312037,,Eidolon dupreanum,partial
PP766453,924,14,0.318312037,,Eidolon dupreanum,partial
PP766453,925,14,0.318312037,,Eidolon dupreanum,partial
PP766453,926,14,0.318312037,,Eidolon dupreanum,partial
PP766453,927,14,0.318312037,,Eidolon dupreanum,partial
PP766453,928,14,0.318312037,,Eidolon dupreanum,partial
PP766453,929,14,0.318312037,,Eidolon dupreanum,partial
PP766453,930,14,0.318312037,,Eidolon dupreanum,partial
PP766453,931,14,0.318312037,,Eidolon dupreanum,partial
PP766453,932,14,0.318312037,,Eidolon dupreanum,partial
PP766453,933,14,0.318312037,,Eidolon dupreanum,partial
PP766453,934,14,0.318312037,,Eidolon dupreanum,partial
PP766453,935,14,0.318312037,,Eidolon dupreanum,partial
PP766453,936,14,0.318312037,,Eidolon dupreanum,partial
PP766453,937,14,0.318312037,,Eidolon dupreanum,partial
PP766453,938,14,0.318312037,,Eidolon dupreanum,partial
PP766453,939,14,0.318312037,,Eidolon dupreanum,partial
PP766453,940,14,0.318312037,,Eidolon dupreanum,partial
PP766453,941,14,0.318312037,,Eidolon dupreanum,partial
PP766453,942,14,0.318312037,,Eidolon dupreanum,partial
PP766453,943,14,0.318312037,,Eidolon dupreanum,partial
PP766453,944,14,0.318312037,,Eidolon dupreanum,partial
PP766453,945,14,0.318312037,,Eidolon dupreanum,partial
PP766453,946,14,0.318312037,,Eidolon dupreanum,partial
PP766453,947,14,0.318312037,,Eidolon dupreanum,partial
PP766453,948,14,0.318312037,,Eidolon dupreanum,partial
PP766453,949,14,0.318312037,,Eidolon dupreanum,partial
PP766453,950,14,0.318312037,,Eidolon dupreanum,partial
PP766453,951,14,0.318312037,,Eidolon dupreanum,partial
PP766453,952,14,0.318312037,,Eidolon dupreanum,partial
PP766453,953,14,0.318312037,,Eidolon dupreanum,partial
PP766453,954,14,0.318312037,,Eidolon dupreanum,partial
PP766453,955,14,0.318312037,,Eidolon dupreanum,partial
PP766453,956,14,0.318312037,,Eidolon dupreanum,partial
PP766453,957,14,0.318312037,,Eidolon dupreanum,partial
PP766453,958,14,0.318312037,,Eidolon dupreanum,partial
PP766453,959,14,0.318312037,,Eidolon dupreanum,partial
PP766453,960,14,0.318312037,,Eidolon dupreanum,partial
PP766453,961,14,0.318312037,,Eidolon dupreanum,partial
PP766453,962,13,0.295575463,,Eidolon dupreanum,partial
PP766453,963,13,0.295575463,,Eidolon dupreanum,partial
PP766453,964,13,0.295575463,,Eidolon dupreanum,partial
PP766453,965,13,0.295575463,,Eidolon dupreanum,partial
PP766453,966,13,0.295575463,,Eidolon dupreanum,partial
PP766453,967,13,0.295575463,,Eidolon dupreanum,partial
PP766453,968,13,0.295575463,,Eidolon dupreanum,partial
PP766453,969,13,0.295575463,,Eidolon dupreanum,partial
PP766453,970,13,0.295575463,,Eidolon dupreanum,partial
PP766453,971,13,0.295575463,,Eidolon dupreanum,partial
PP766453,972,13,0.295575463,,Eidolon dupreanum,partial
PP766453,973,13,0.295575463,,Eidolon dupreanum,partial
PP766453,974,13,0.295575463,,Eidolon dupreanum,partial
PP766453,975,13,0.295575463,,Eidolon dupreanum,partial
PP766453,976,13,0.295575463,,Eidolon dupreanum,partial
PP766453,977,13,0.295575463,,Eidolon dupreanum,partial
PP766453,978,13,0.295575463,,Eidolon dupreanum,partial
PP766453,979,13,0.295575463,,Eidolon dupreanum,partial
PP766453,980,13,0.295575463,,Eidolon dupreanum,partial
PP766453,981,13,0.295575463,,Eidolon dupreanum,partial
PP766453,982,13,0.295575463,,Eidolon dupreanum,partial
PP766453,983,13,0.295575463,,Eidolon dupreanum,partial
PP766453,984,12,0.272838889,,Eidolon dupreanum,partial
PP766453,985,12,0.272838889,,Eidolon dupreanum,partial
PP766453,986,12,0.272838889,,Eidolon dupreanum,partial
PP766453,987,12,0.272838889,,Eidolon dupreanum,partial
PP766453,988,12,0.272838889,,Eidolon dupreanum,partial
PP766453,989,12,0.272838889,,Eidolon dupreanum,partial
PP766453,990,9,0.204629166,,Eidolon dupreanum,partial
PP766453,991,9,0.204629166,,Eidolon dupreanum,partial
PP766453,992,9,0.204629166,,Eidolon dupreanum,partial
PP766453,993,7,0.159156018,,Eidolon dupreanum,partial
PP766453,994,7,0.159156018,,Eidolon dupreanum,partial
PP766453,995,5,0.11368287,,Eidolon dupreanum,partial
PP766453,996,5,0.11368287,,Eidolon dupreanum,partial
PP766453,997,5,0.11368287,,Eidolon dupreanum,partial
PP766453,998,5,0.11368287,,Eidolon dupreanum,partial
PP766453,999,5,0.11368287,,Eidolon dupreanum,partial
PP766453,1000,5,0.11368287,,Eidolon dupreanum,partial
PP766453,1001,5,0.11368287,,Eidolon dupreanum,partial
PP766453,1002,5,0.11368287,,Eidolon dupreanum,partial
PP766453,1003,5,0.11368287,,Eidolon dupreanum,partial
PP766453,1004,5,0.11368287,,Eidolon dupreanum,partial
PP766453,1005,5,0.11368287,,Eidolon dupreanum,partial
PP766453,1006,5,0.11368287,,Eidolon dupreanum,partial
PP766453,1007,5,0.11368287,,Eidolon dupreanum,partial
PP766453,1008,5,0.11368287,,Eidolon dupreanum,partial
PP766453,1009,5,0.11368287,,Eidolon dupreanum,partial
PP766453,1010,5,0.11368287,,Eidolon dupreanum,partial
PP766453,1011,5,0.11368287,,Eidolon dupreanum,partial
PP766453,1012,5,0.11368287,,Eidolon dupreanum,partial
PP766453,1013,5,0.11368287,,Eidolon dupreanum,partial
PP766453,1014,5,0.11368287,,Eidolon dupreanum,partial
PP766453,1015,5,0.11368287,,Eidolon dupreanum,partial
PP766453,1016,5,0.11368287,,Eidolon dupreanum,partial
PP766453,1017,5,0.11368287,,Eidolon dupreanum,partial
PP766453,1018,5,0.11368287,,Eidolon dupreanum,partial
PP766453,1019,5,0.11368287,,Eidolon dupreanum,partial
PP766453,1020,5,0.11368287,,Eidolon dupreanum,partial
PP766453,1021,5,0.11368287,,Eidolon dupreanum,partial
PP766453,1022,5,0.11368287,,Eidolon dupreanum,partial
PP766453,1023,5,0.11368287,,Eidolon dupreanum,partial
PP766453,1024,5,0.11368287,,Eidolon dupreanum,partial
PP766453,1025,5,0.11368287,,Eidolon dupreanum,partial
PP766453,1026,5,0.11368287,,Eidolon dupreanum,partial
PP766453,1027,5,0.11368287,,Eidolon dupreanum,partial
PP766453,1028,5,0.11368287,,Eidolon dupreanum,partial
PP766453,1029,5,0.11368287,,Eidolon dupreanum,partial
PP766453,1030,5,0.11368287,,Eidolon dupreanum,partial
PP766453,1031,5,0.11368287,,Eidolon dupreanum,partial
PP766453,1032,5,0.11368287,,Eidolon dupreanum,partial
PP766453,1033,5,0.11368287,,Eidolon dupreanum,partial
PP766453,1034,5,0.11368287,,Eidolon dupreanum,partial
PP766453,1035,3,0.068209722,,Eidolon dupreanum,partial
PP766453,1036,3,0.068209722,,Eidolon dupreanum,partial
PP766453,1037,3,0.068209722,,Eidolon dupreanum,partial
PP766453,1038,3,0.068209722,,Eidolon dupreanum,partial